País,COL,Weekday,Segmento,# de Weekdays,,,,,,,,,,,,,
Cocina,15 ENGATIVA,4,L-J,18,Ejecución MEP,,,,,,,,,,,,
,Desayuno,,,,,,,,,,,Almuerzo,Cena,Mañana,Tarde,Noche,0.4369747899
,Estacion,Categoria,SKU,Nombre,Unit,Clasificacion Item,Día,Presentacion,Indicación Quality,Consumo Diario,0.2916666666666667,0.4583333333333333,0.625,0.2916666666666667,0.4583333333333333,0.625,Check 
,Porcionar,ABARROTES,1904,Papas pre Fritas,UN,,Viernes,Porción más común 180UN,,10354.61538,540,3780,6480,10800,1,,
,Surtir,ABARROTES,287,Guacamole,G,Sábado,,Porción más común 25G,y tener descongelado,846.1538462,150,425,325,1100.0,1,,
,"Lavar, desinfectar y procesar",ABARROTES,5270,Mix de lechugas,G,Sábado,,Porción más común 50G,304.6153846,,50,200,150,500.0,1,,
Madre,Porcionar,ABARROTES,246,Syrup,G,Viernes,,Porción más común 40G,1418.461538,,2360,280,280,3000.0,0,,
,Cocinar,ABARROTES,127,Almendra Fileteada,UN,Viernes,,Porción más común 15UN,dorar,94.61538462,45,90,75,210.0,0,,
,Surtir,ABARROTES,1726,pepinillo en conserva,UN,Viernes,,Porción más común 10UN,Rodajas,166.7692308,10,110,230,350.0,1,,
,Descongelar,ABARROTES,3510,Jar de Oreo PROD,UN,Postres,Sábado,Porción más común 1UN,1.076923077,,1,1,1,3.0,1,,
,Descongelar,ABARROTES,3511,Jar de Limon PROD,UN,Postres,Sábado,Porción más común 1UN,1.615384615,,1,1,1,3.0,1,,
,Descongelar,ABARROTES,3512,Jar de Chocolate PROD,UN,Postres,Sábado,Porción más común 1UN,0.4615384615,,1,1,1,3.0,1,,
,Descongelar,ABARROTES,3513,Jar 3 Leches PROD,UN,Postres,Sábado,Porción más común 1UN,0.8461538462,,1,1,1,3.0,1,,
,Descongelar,ABARROTES,3514,Jar de Tiramisu PROD,UN,Postres,Sábado,Porción más común 1UN,1,,1,1,1,3.0,1,,
,Asegurar existencia,ABARROTES,286,Granola,G,Viernes,,Porción más común 35G,123.8461538,,105,35,35,400.0,1,,
Madre,Asegurar existencia,BEBIDAS,180,Jugo de Naranja Bolsa Lt,ML,Bebidas,Viernes,Porción más común 300ML,asegurar existencia,15000,12300,1800,1200,15300.0,1,,
,Asegurar existencia,BEBIDAS,179,Jugo de Mandarina Bolsa Lt,ML,Bebidas,Viernes,Porción más común 300ML,1153.846154,,600,600,300,1500.0,1,,
Madre,Surtir,CARNICOS,175,Jamon De Cerdo,UN,Sábado,,Porción más común 60UN,3015,,540,840,1740,3120.0,1,,
,Producción,CARNICOS,150,Chorizo Santarrosano,UN,Sábado,,Porción más común 80UN,picar,533.0769231,160,240,240,640.0,0,,
,Porcionar,CARNICOS,5594,Res desmechada.,G,Viernes,,Porción más común 80G,443.0769231,,80,160,320,700.0,1,,
Madre,Asegurar existencia,EMPAQUES,2573,Tapa bowl kraft mini,UN,Viernes,,Porción más común 1UN,26.15384615,,22,4,1,27.0,1,,
Madre,Asegurar existencia,EMPAQUES,3116,Tapa Botella 300ml,UN,Viernes,,Porción más común 1UN,73.76923077,,27,22,27,76.0,1,,
Madre,Asegurar existencia,EMPAQUES,441,Botella 300 ml,UN,Viernes,,Porción más común 1UN,73.76923077,,27,22,27,76.0,1,,
Madre,Asegurar existencia,EMPAQUES,459,Porta hamburguesa,UN,Viernes,,Porción más común 1UN,11.46153846,,10,2,2,14.0,1,,
Madre,Asegurar existencia,EMPAQUES,545,Bowl Mini,UN,Viernes,,Porción más común 1UN,26.15384615,,22,4,1,27.0,1,,
Madre,Armar,EMPAQUES,2600,Caja B&M,UN,Viernes,,Porción más común 1UN,22.30769231,,23,0,0,23.0,1,,
Madre,Asegurar existencia,EMPAQUES,491,Servilletas,UN,Viernes,,Porción más común 1UN,219.6923077,,14,75,132,221.0,1,,
,"Lavar, desinfectar y procesar",FRUVER,250,Tomate Chonto,G,Domingo,,Porción más común 40G,1420.637945,,320,1520,1080,3100.0,0,,
,Surtir,FRUVER,123,Aguacate Papelillo,G,Domingo,,Porción más común 40G,tener picado cuando hay mucho boleo,376.1538462,80,240,160,600.0,0,,
,"Lavar, desinfectar y procesar, Descongelar",FRUVER,184,Lechuga Batavia,G,Sábado,,Porción más común 28G,tener mas ya lista en agua en nevera,812.8461538,84,392,392,900.0,0,,
,"Lavar, desinfectar y procesar",FRUVER,215,Pepino Cohombro,G,Sábado,,Porción más común 40G,PM,557.8815299,40,320,240,800.0,0,,
Madre,"Lavar, desinfectar y procesar",FRUVER,221,Pina Golden,G,Sábado,,Porción más común 70G,2008.461538,,980,980,1190,3200.0,0,,
Madre,"Lavar, desinfectar y procesar",FRUVER,210,Papaya Maradol,G,Sábado,,Porción más común 70G,2051.538462,,1750,350,70,2300.0,0,,
,Surtir,FRUVER,137,Banano Criollo,G,Domingo,,Porción más común 40G,271.0607754,,200,80,40,400.0,1,,
,"Lavar, desinfectar y procesar",FRUVER,164,Fresas,G,Domingo,,Porción más común 30G,picada en cubos y entera,246.9230769,390,60,90,600.0,0,,
,"Lavar, desinfectar y procesar",FRUVER,151,Cilantro Patirojo,G,Sábado,,Porción más común 1G,25.99230769,,3,28,23,300.0,1,,
,"Lavar, desinfectar y procesar",FRUVER,163,Espinaca,UN,Sábado,,Porción más común 30UN,130.1538462,,30,150,120,300.0,0,,
,"Lavar, desinfectar y procesar",FRUVER,146,Cebolla Roja,G,Sábado,,Porción más común 10G,PM,40.14685315,10,50,40,300.0,0,,
,"Lavar, desinfectar y procesar",FRUVER,185,Lechuga Romana,G,Sábado,,Porción más común 60G,121.8461538,,60,120,60,400.0,1,,
,"Lavar, desinfectar y procesar",FRUVER,249,Tomate Cherry,G,Domingo,,Porción más común 50G,53.84615385,,0,50,50,200.0,1,,
,"Lavar, desinfectar y procesar",FRUVER,145,Cebolla Larga Junca,G,Sábado,,Porción más común 15G,PM,30,45,15,15,300.0,1,,
,"Lavar, desinfectar y procesar",FRUVER,130,Arandanos,G,Sábado,,Porción más común 15G,75,,60,15,15,300.0,1,,
,"Lavar, desinfectar y procesar",FRUVER,181,Kale,G,Sábado,,Porción más común 50G,11.53846154,,0,50,50,200.0,1,,
,Descongelar,FRUVER,243,Sorbet de acai,UN,Viernes,,Porción más común 160UN,porcionado y listo,295.3846154,320,160,160,640.0,1,,
,Rayar,LACTEOS,228,Queso Doble Crema,G,Sábado,,Porción más común 15G,999.2307692,,150,330,540,1200.0,0,,
,Surtir,LACTEOS,229,Queso Feta,G,Sábado,,Porción más común 20G,90.76923077,,20,60,40,300.0,0,,
Madre,Surtir,LACTEOS,5511,Queso cheddar tajadas UN,UN,Sábado,,Porción más común 1UN,sábado PM,186.6153846,14,63,112,189.0,0,,
,Surtir,PANADERIA,253,Tortilla De Harina,UN,Domingo,,Porción más común 1UN,27.69230769,,3,12,14,29.0,0,,
Madre,Descongelar,PANADERIA,159,Croissant Grande,UN,Viernes,,Porción más común 1UN,pasar a nevera,45.30769231,78,7,4,89.0,0,,
,"Producción, Surtir",PRODUCCION,2952,Arroz Achiotado,G,Descongelar,Sábado,Porción más común 225G,tener suficiente cocido y caliente,4287.692308,675,2700,1350,4800.0,0,,
,"Porcionar, Producción",PRODUCCION,5091,Limonada (con base limonada),ML,Bebidas,Viernes,Porción más común 300ML,y tener mas preparada por si se acaba,5976.923077,900,2400,3300,6600.0,1,,
,"Calentar, Surtir",PRODUCCION,283,Frijoles Negros,UN,Descongelar,Domingo,Porción más común 130UN,y tener descongelado,2205,260,1300,910,2470.0,1,,
,"Surtir, Producción",PRODUCCION,269,Arroz Integral Cocido,UN,Descongelar,Sábado,Porción más común 125UN,tener suficiente cocido y caliente,2134.615385,125,1375,875,2375.0,1,,
Madre,Producción,PRODUCCION,464,Mezcla Pancakes Tradicionales Lista,G,Sábado,,Porción más común 140G,tener lista PM y pancakes prehechos domingo,5141.538462,4340,560,560,5600.0,0,,
,"Calentar, Surtir",PRODUCCION,5082,Carne Chilli,G,Descongelar,Domingo,Porción más común 82G,y tener mas desconegalda,1406.615385,164,902,492,1700.0,1,,
,"Porcionar, Calentar",PRODUCCION,4938,Pollo a las Hierbas,G,Descongelar,Domingo,Porción más común 90G,y tener en baño maria para burritos,1059.230769,90,630,450,1300.0,1,,
,Cocinar,PRODUCCION,295,Papa Calentada,G,Sábado,,Porción más común 52G,812.3076923,,520,260,104,1100.0,1,,
,"Calentar, Surtir",PRODUCCION,282,Frijol Paisa,G,Descongelar,Domingo,Porción más común 120G,y tenr mas descongelado,626.5384615,120,480,240,1000.0,1,,
,Surtir,PRODUCCION,297,Platano Frito,G,Sábado,,Porción más común 42G,730.9230769,,126,420,294,1000.0,1,,
,"Lavar, desinfectar y procesar",PRODUCCION,296,Pico de Gallo,G,Sábado,,Porción más común 25G,PM,707.3076923,50,375,325,900.0,0,,
,Porcionar,PRODUCCION,5094,Cerdo Desmechado,G,Descongelar,Viernes,Porción más común 115G,y tener desconegaldo,1229.615385,230,575,690,1600.0,1,,
,Porcionar,PRODUCCION,5920,Pollo  BBQ,G,Descongelar,Viernes,Porción más común 90G,y tener desconegaldo,463.8461538,0,360,270,700.0,1,,
Madre,"Porcionar, Surtir",PRODUCCION,2730,Emulsion Alioli,G,Sábado,,Porción más común 30G,Surtir en tetero,1737.692308,330,510,960,2000.0,1,,
,Surtir,PRODUCCION,288,Hummus De Garbanzos,G,Domingo,,Porción más común 50G,581.5384615,,50,650,550,1400.0,1,,
,Producción,PRODUCCION,323,Yogur griego Preparado,G,Sábado,,Porción más común 60G,preparar PM,300,240,60,60,500.0,1,,
,Porcionar,PRODUCCION,319,Vinagreta Libanesa,G,Vinagretas,Viernes,Porción más común 60G,224.8351648,,0,180,120,400.0,0,,
,Porcionar,PRODUCCION,277,Vinagreta Cesar,G,Vinagretas,Viernes,Porción más común 60G,267.6923077,,0,180,180,400.0,0,,
,Producción,PRODUCCION,5630,Maíz salteado.,G,Sábado,,Porción más común 20G,PM,159.5804196,40,100,60,300.0,0,,
,Cocinar,PRODUCCION,5093,Tocineta producción,G,Sábado,,Porción más común 10G,196.9230769,,100,50,60,300.0,0,,
,"Producción, Porcionar",PRODUCCION,4816,Pasta Integral Cocida,G,Sábado,,Porción más común 180G,207.6923077,,180,180,180,600.0,1,,
,Producción,PRODUCCION,306,Salsa Criolla Produccion,UN,Sábado,,Porción más común 25UN,PM,109.6153846,50,50,50,150.0,1,,
,Cocinar,PRODUCCION,5032,cebolla asada Mr.Beast,UN,Sábado,,Porción más común 28UN,1201.846154,,0,448,784,1232.0,0,,
,Producción,PRODUCCION,4811,Quinoa especiada,UN,Sábado,,Porción más común 72UN,44.30769231,,0,72,72,144.0,0,,
,Porcionar,PRODUCCION,320,Vinagreta de Jalapenos Mexicanos,G,Vinagretas,Viernes,Porción más común 60G,64.61538462,,0,60,60,200.0,0,,
,Porcionar,PRODUCCION,318,Vinagreta de Pesto de Genoa,UN,Vinagretas,Viernes,Porción más común 20UN,75,,20,40,40,100.0,0,,
,Producción,PRODUCCION,465,Mezcla Pancakes Avena Lista,G,Sábado,,Porción más común 210G,PM,110.7692308,210,210,0,600.0,0,,
,Surtir,PRODUCCION,4823,Hummus de Pimenton,G,Domingo,,Porción más común 50G,65.38461538,,0,50,50,200.0,0,,
,Producción,PRODUCCION,4818,Brocoli Rostizado,G,Sábado,,Porción más común 40G,76.76923077,,0,80,40,200.0,0,,
,Producción,PRODUCCION,5206,Coleslaw la cosmica,G,Sábado,,Porción más común 25G,hacer producción PM,151.9230769,25,75,100,300.0,0,,
,Porcionar,PRODUCCION,316,Vinagreta Balsamica de Modena,G,Vinagretas,Viernes,Porción más común 60G,18.46153846,,0,60,60,200.0,0,,
,Porcionar,PRODUCCION,321,Vinagreta Mediterranea,G,Vinagretas,Viernes,Porción más común 60G,14.46153846,,0,60,60,200.0,0,,
,Surtir,PRODUCCION,1283,Cebolla Encurtida Picante,G,Domingo,,Porción más común 20G,29.23076923,,20,20,20,300.0,0,,
,Surtir,PRODUCCION,4991,Mezcla Tostadas Francesas Nueva,G,Domingo,,Porción más común 100G,se hace a la minjta,53.84615385,100,0,100,200.0,0,,
,Producción,PRODUCCION,275,Crutones Zatahar,G,Sábado,,Porción más común 20G,31.20879121,,0,20,20,200.0,0,,
,Surtir,PRODUCCION,1240,Salsa Pizza,G,Domingo,,Porción más común 50G,10.76923077,,0,50,50,200.0,0,,
,Surtir,PRODUCCION,5517,Totopos triturados,G,Domingo,,Porción más común 30G,63.46153846,,0,60,30,200.0,0,,
,Descongelar,PRODUCCION,3609,Carne Smashed 80gr,UN,Sábado,,Porción más común 2UN,y surtir,60.53846154,2,22,40,64.0,0,,
,Calentar,PRODUCCION,4918,Pollo Ensalada,UN,Domingo,,Porción más común 1UN,5.615384615,,1,4,3,8.0,0,,
,Porcionar,PRODUCCION,284,Galletas De Parmesano,UN,Sábado,,Porción más común 21UN,descongeladas y empacadas,6.461538462,0,21,21,42.0,1,,
,Descongelar,PRODUCCION,3481,Galleta de Chunks de Chocolate PROD,UN,Postres,Sábado,Porción más común 1UN,descongeladas y empacadas,2.769230769,1,1,2,4.0,1,,
,Descongelar,PRODUCCION,3482,Galleta Oreo PROD,UN,Postres,Sábado,Porción más común 1UN,descongeladas y empacadas,0.9230769231,1,1,1,3.0,1,,
Madre,Descongelar,PRODUCCION,3483,Galleta Red Velvet Choc Blanco PROD,UN,Postres,Sábado,Porción más común 1UN,descongeladas y empacadas,6.307692308,2,3,4,9.0,1,,
,Descongelar,PRODUCCION,3484,Galleta Avena Frutos Rojos,UN,Postres,Sábado,Porción más común 1UN,descongeladas y empacadas,1.307692308,1,1,1,3.0,1,,
,Descongelar,PRODUCCION,3485,Galleta Nueces Choc Blanco,UN,Postres,Sábado,Porción más común 1UN,descongeladas y empacadas,0,0,0,0,0.0,0,,
,Descongelar,PRODUCCION,3486,Galleta Nutella y Nueces PROD,UN,Postres,Sábado,Porción más común 1UN,descongeladas y empacadas,0,0,0,0,0.0,0,,
,Descongelar,PRODUCCION,3487,Galleta de Guayaba PROD,UN,Postres,Sábado,Porción más común 1UN,descongeladas y empacadas,0.1538461538,1,1,2.0,,0,,
,Descongelar,PRODUCCION,3488,Galleta Doble Chocolate PROD,UN,Postres,Sábado,Porción más común 1UN,descongeladas y empacadas,0,0,0,0,0.0,0,,
Madre,Descongelar,PRODUCCION,3623,Cubierta Queso Crema,G,Sábado,,Porción más común 14G,Frostear primera hora,570.4370629,294,308,560,1300.0,0,,
Madre,Producción,PRODUCCION,3002,Mezcla de Aceite Y Mantequilla (Produccion),G,Sábado,,Porción más común 20G,1649.815518,,300,500,880,1700.0,1,,
Madre,Frostear,PRODUCCION,3632,PROD Minibon de Canela,UN,Domingo,,Porción más común 1UN,Frostear,19.31623932,7,3,10,20.0,0,,
,Porcionar,PRODUCCION,307,Salsa Frutos Rojos,G,Sábado,,Porción más común 20G,35.38461538,,40,20,40,300.0,1,,
Madre,Asegurar existencia,EMPAQUES,713,⭕️Caja Lunch,UN,Viernes,,Porción más común 1UN,44.61538462,,39,3,5,47.0,0,,
Madre,Asegurar existencia,ABARROTES,3576,Flores dia de la Madre,UN,Viernes,,Porción más común 1UN,"lejos del calor, lugar fresco ",19,19,0,0,19.0,0,,
Madre,Asegurar existencia,ABARROTES,119,⚠️Aceite De Girasol,ML,Viernes,,Porción más común 3ML,560.7306531,,240,357,528,1300.0,1,,
Madre,Asegurar existencia,ABARROTES,172,Huevo Tipo AA,UN,Viernes,,Porción más común 2UN,121.8710508,,172,48,26,246.0,0,,
Madre,Asegurar existencia,EMPAQUESAJ,550,⭕️Bolsa Pan Generica,UN,Viernes,,Porción más común 1UN,22.84615385,,6,8,10,24.0,0,,
Madre,Asegurar existencia,ABARROTES,237,Sal,G,Viernes,,Porción más común 1G,413.8093653,,112,357,360,1000.0,0,,
Madre,Producción,PRODUCCION,6078,Mezcla líquida pancakes de choclo,Sábado,,,Porción más común 140,tener lista PM,290.7692308,290.7692308,0,0,300.0,0,,
Madre,Asegurar existencia,EMPAQUES,432,Empaque Vinagreta,UN,Viernes,,Porción más común 1UN,46.15384615,,23,13,12,48.0,0,,
Madre,Alistar,PRODUCTO TERMINADO,604,Jugo de Naranja,UN,Sábado,,,49.53846154,,80.78579882,10.66982249,7.621301775,100.0,0,,
Madre,Alistar,PRODUCTO TERMINADO,5003,Porcion de fruta,UN,Sábado,,,tener lista PM,24.84615385,48.56293706,0.5646853147,0,50.0,0,,
Madre,Alistar,PRODUCTO TERMINADO,118,Croissant Huevo Jamon y Queso,UN,Domingo,,,dejar croissant cortado y con queso desde el sábado ,43,43,0,0,43.0,0,,
Madre,Alistar,PRODUCTO TERMINADO,5045,Mini pancakes tradicionales SIN fresa,UN,Sábado,,,tener listo PM,22.07692308,20.65260546,1.186931348,0.2373862696,24.0,0,,
Madre,Alistar,PRODUCTO TERMINADO,2604,Caja Especial B&M,UN,Viernes,,,22.46153846,,22.46153846,0,0,23.0,0,,
Madre,Alistar,PRODUCTO TERMINADO,384,Tenedor Y Cuchillo,UN,Viernes,,,50.92307692,,34.6710311,19.79138025,27.59236225,83.0,0,,
Madre,Alistar,PRODUCTO TERMINADO,6273,Pancakes de choclo,UN,Domingo,,,primera hora,2.076923077,2.076923077,0,0,3.0,0,,
Madre,Alistar,PRODUCTO TERMINADO,5022,Minibon canela,UN,Domingo,,,primera hora,18,18,0,0,18.0,0,,
Madre,Alistar,PRODUCTO TERMINADO,3799,Galleta Red Velvet Choc Blanco Individual Vicio,UN,Sábado,,,Empacada en bolsa pan,3.076923077,0.9230769231,0.3076923077,1.846153846,4.0,0,,
Madre,Alistar,PRODUCTO TERMINADO,3597,Flores 🌹,UN,Domingo,,,armado de combos am,19,19,0,0,19.0,0,,
Madre,Combo armado,PRODUCTO TERMINADO,6343,COMBO INDIVIDUAL PANCAKES CHOCLO,UN,Domingo,,,armado de combos am,2,2,0,0,2.0,0,,
Madre,Combo armado,PRODUCTO TERMINADO,6344,COMBO INDIVIDUAL MINIBON,UN,Domingo,,,armado de combos am,18,18,0,0,18.0,0,,
Madre,Combo armado,PRODUCTO TERMINADO,6345,COMBO INDIVIDUAL GALLETA,UN,Domingo,,,armado de combos am,3,3,0,0,3.0,0,,
Madre,Combo armado,PRODUCTO TERMINADO,6346,COMBO ESPECIAL CON FLORES,UN,Domingo,,,armado de combos am,19,19,0,0,19.0,0,,
Madre,Combo armado,PRODUCTO TERMINADO,6348,COMBO ESPECIAL SIN FLORES,UN,Domingo,,,armado de combos am,3.153846154,3.153846154,0,0,4.0,0,,
Alistar,,PRODUCTO TERMINADO,63.0,Pancakes Tradicionales,UN,Domingo,,2.076923077,,,2.076923077,0.1408083442,0.1760104302,5.0,0,,
Domingo,,,,,,,,0.0,,,,,,,0,,
Domingo,,,,,,,,0.0,,,,,,,0,,
Domingo,,,,,,,,0.0,,,,,,,0,,
Domingo,,,,,,,,0.0,,,,,,,0,,
Domingo,,,,,,,,0.0,,,,,,,0,,
Domingo,,,,,,,,0.0,,,,,,,0,,
Domingo,,,,,,,,0.0,,,,,,,0,,
Domingo,,,,,,,,0.0,,,,,,,0,,
Domingo,,,,,,,,0.0,,,,,,,0,,
Domingo,,,,,,,,0.0,,,,,,,0,,
Domingo,,,,,,,,0.0,,,,,,,0,,
Domingo,,,,,,,,0.0,,,,,,,0,,
Domingo,,,,,,,,0.0,,,,,,,0,,
Domingo,,,,,,,,0.0,,,,,,,0,,
Domingo,,,,,,,,0.0,,,,,,,0,,
0.0,,,,,,,,,,,,,,,0,,
0.0,,,,,,,,,,,,,,,0,,
0.0,,,,,,,,,,,,,,,0,,
0.0,,,,,,,,,,,,,,,0,,
0.0,,,,,,,,,,,,,,,0,,
0.0,,,,,,,,,,,,,,,0,,
0.0,,,,,,,,,,,,,,,0,,
0.0,,,,,,,,,,,,,,,0,,
0.0,,,,,,,,,,,,,,,0,,
0.0,,,,,,,,,,,,,,,0,,
0.0,,,,,,,,,,,,,,,0,,
0.0,,,,,,,,,,,,,,,0,,
0.0,,,,,,,,,,,,,,,0,,
0.0,,,,,,,,,,,,,,,0,,
0.0,,,,,,,,,,,,,,,0,,
0.0,,,,,,,,,,,,,,,0,,
0.0,,,,,,,,,,,,,,,0,,
0.0,,,,,,,,,,,,,,,0,,
0.0,,,,,,,,,,,,,,,0,,
0.0,,,,,,,,,,,,,,,0,,
0.0,,,,,,,,,,,,,,,0,,
0.0,,,,,,,,,,,,,,,0,,
0.0,,,,,,,,,,,,,,,0,,
0.0,,,,,,,,,,,,,,,0,,
0.0,,,,,,,,,,,,,,,0,,
0.0,,,,,,,,,,,,,,,0,,
0.0,,,,,,,,,,,,,,,0,,
0.0,,,,,,,,,,,,,,,0,,
0.0,,,,,,,,,,,,,,,0,,
0.0,,,,,,,,,,,,,,,0,,
0.0,,,,,,,,,,,,,,,0,,
0.0,,,,,,,,,,,,,,,0,,
0.0,,,,,,,,,,,,,,,0,,
0.0,,,,,,,,,,,,,,,0,,
0.0,,,,,,,,,,,,,,,0,,
0.0,,,,,,,,,,,,,,,0,,
0.0,,,,,,,,,,,,,,,0,,
0.0,,,,,,,,,,,,,,,0,,
0.0,,,,,,,,,,,,,,,0,,
0.0,,,,,,,,,,,,,,,0,,
0.0,,,,,,,,,,,,,,,0,,
0.0,,,,,,,,,,,,,,,0,,
0.0,,,,,,,,,,,,,,,0,,
0.0,,,,,,,,,,,,,,,0,,
0.0,,,,,,,,,,,,,,,0,,
0.0,,,,,,,,,,,,,,,0,,
0.0,,,,,,,,,,,,,,,0,,
0.0,,,,,,,,,,,,,,,0,,
0.0,,,,,,,,,,,,,,,0,,
0.0,,,,,,,,,,,,,,,0,,
0.0,,,,,,,,,,,,,,,0,,
0.0,,,,,,,,,,,,,,,0,,
0.0,,,,,,,,,,,,,,,0,,
0.0,,,,,,,,,,,,,,,0,,
0.0,,,,,,,,,,,,,,,0,,
0.0,,,,,,,,,,,,,,,0,,
0.0,,,,,,,,,,,,,,,0,,
0.0,,,,,,,,,,,,,,,0,,
0.0,,,,,,,,,,,,,,,0,,
0.0,,,,,,,,,,,,,,,0,,
0.0,,,,,,,,,,,,,,,0,,
0.0,,,,,,,,,,,,,,,0,,
0.0,,,,,,,,,,,,,,,0,,
0.0,,,,,,,,,,,,,,,0,,
0.0,,,,,,,,,,,,,,,0,,
0.0,,,,,,,,,,,,,,,0,,
0.0,,,,,,,,,,,,,,,0,,
0.0,,,,,,,,,,,,,,,0,,
0.0,,,,,,,,,,,,,,,0,,
0.0,,,,,,,,,,,,,,,0,,
0.0,,,,,,,,,,,,,,,0,,
0.0,,,,,,,,,,,,,,,0,,
0.0,,,,,,,,,,,,,,,0,,
0.0,,,,,,,,,,,,,,,0,,
0.0,,,,,,,,,,,,,,,0,,
0.0,,,,,,,,,,,,,,,0,,
0.0,,,,,,,,,,,,,,,0,,
0.0,,,,,,,,,,,,,,,0,,
0.0,,,,,,,,,,,,,,,0,,
0.0,,,,,,,,,,,,,,,0,,
0.0,,,,,,,,,,,,,,,0,,
0.0,,,,,,,,,,,,,,,0,,
0.0,,,,,,,,,,,,,,,0,,
0.0,,,,,,,,,,,,,,,0,,
0.0,,,,,,,,,,,,,,,0,,
0.0,,,,,,,,,,,,,,,0,,
0.0,,,,,,,,,,,,,,,0,,
0.0,,,,,,,,,,,,,,,0,,
0.0,,,,,,,,,,,,,,,0,,
0.0,,,,,,,,,,,,,,,0,,
0.0,,,,,,,,,,,,,,,0,,
0.0,,,,,,,,,,,,,,,0,,
0.0,,,,,,,,,,,,,,,0,,
0.0,,,,,,,,,,,,,,,0,,
0.0,,,,,,,,,,,,,,,0,,
0.0,,,,,,,,,,,,,,,0,,
0.0,,,,,,,,,,,,,,,0,,
0.0,,,,,,,,,,,,,,,0,,
0.0,,,,,,,,,,,,,,,0,,
0.0,,,,,,,,,,,,,,,0,,
0.0,,,,,,,,,,,,,,,0,,
0.0,,,,,,,,,,,,,,,0,,
0.0,,,,,,,,,,,,,,,0,,
0.0,,,,,,,,,,,,,,,0,,
0.0,,,,,,,,,,,,,,,0,,
0.0,,,,,,,,,,,,,,,0,,
0.0,,,,,,,,,,,,,,,0,,
0.0,,,,,,,,,,,,,,,0,,
0.0,,,,,,,,,,,,,,,0,,
0.0,,,,,,,,,,,,,,,0,,
0.0,,,,,,,,,,,,,,,0,,
0.0,,,,,,,,,,,,,,,0,,
0.0,,,,,,,,,,,,,,,0,,
0.0,,,,,,,,,,,,,,,0,,
0.0,,,,,,,,,,,,,,,0,,
0.0,,,,,,,,,,,,,,,0,,
0.0,,,,,,,,,,,,,,,0,,
0.0,,,,,,,,,,,,,,,0,,
0.0,,,,,,,,,,,,,,,0,,
0.0,,,,,,,,,,,,,,,0,,
0.0,,,,,,,,,,,,,,,0,,
0.0,,,,,,,,,,,,,,,0,,
0.0,,,,,,,,,,,,,,,0,,
0.0,,,,,,,,,,,,,,,0,,
0.0,,,,,,,,,,,,,,,0,,
0.0,,,,,,,,,,,,,,,0,,
0.0,,,,,,,,,,,,,,,0,,
0.0,,,,,,,,,,,,,,,0,,
0.0,,,,,,,,,,,,,,,0,,
0.0,,,,,,,,,,,,,,,0,,
0.0,,,,,,,,,,,,,,,0,,
0.0,,,,,,,,,,,,,,,0,,
0.0,,,,,,,,,,,,,,,0,,
0.0,,,,,,,,,,,,,,,0,,
0.0,,,,,,,,,,,,,,,0,,
0.0,,,,,,,,,,,,,,,0,,
0.0,,,,,,,,,,,,,,,0,,
0.0,,,,,,,,,,,,,,,0,,
0.0,,,,,,,,,,,,,,,0,,
0.0,,,,,,,,,,,,,,,0,,
0.0,,,,,,,,,,,,,,,0,,
0.0,,,,,,,,,,,,,,,0,,
0.0,,,,,,,,,,,,,,,0,,
0.0,,,,,,,,,,,,,,,0,,
0.0,,,,,,,,,,,,,,,0,,
0.0,,,,,,,,,,,,,,,0,,
0.0,,,,,,,,,,,,,,,0,,
0.0,,,,,,,,,,,,,,,0,,
0.0,,,,,,,,,,,,,,,0,,
0.0,,,,,,,,,,,,,,,0,,
0.0,,,,,,,,,,,,,,,0,,
0.0,,,,,,,,,,,,,,,0,,
0.0,,,,,,,,,,,,,,,0,,
0.0,,,,,,,,,,,,,,,0,,
0.0,,,,,,,,,,,,,,,0,,
0.0,,,,,,,,,,,,,,,0,,
0.0,,,,,,,,,,,,,,,0,,
0.0,,,,,,,,,,,,,,,0,,
0.0,,,,,,,,,,,,,,,0,,
0.0,,,,,,,,,,,,,,,0,,
0.0,,,,,,,,,,,,,,,0,,
0.0,,,,,,,,,,,,,,,0,,
0.0,,,,,,,,,,,,,,,0,,
0.0,,,,,,,,,,,,,,,0,,
0.0,,,,,,,,,,,,,,,0,,
0.0,,,,,,,,,,,,,,,0,,
0.0,,,,,,,,,,,,,,,0,,
0.0,,,,,,,,,,,,,,,0,,
0.0,,,,,,,,,,,,,,,0,,
0.0,,,,,,,,,,,,,,,0,,
0.0,,,,,,,,,,,,,,,0,,
0.0,,,,,,,,,,,,,,,0,,
0.0,,,,,,,,,,,,,,,0,,
0.0,,,,,,,,,,,,,,,0,,
0.0,,,,,,,,,,,,,,,0,,
0.0,,,,,,,,,,,,,,,0,,
0.0,,,,,,,,,,,,,,,0,,
0.0,,,,,,,,,,,,,,,0,,
0.0,,,,,,,,,,,,,,,0,,
0.0,,,,,,,,,,,,,,,0,,
0.0,,,,,,,,,,,,,,,0,,
0.0,,,,,,,,,,,,,,,0,,
0.0,,,,,,,,,,,,,,,0,,
0.0,,,,,,,,,,,,,,,0,,
0.0,,,,,,,,,,,,,,,0,,
0.0,,,,,,,,,,,,,,,0,,
0.0,,,,,,,,,,,,,,,0,,
0.0,,,,,,,,,,,,,,,0,,
0.0,,,,,,,,,,,,,,,0,,
0.0,,,,,,,,,,,,,,,0,,
0.0,,,,,,,,,,,,,,,0,,
0.0,,,,,,,,,,,,,,,0,,
0.0,,,,,,,,,,,,,,,0,,
0.0,,,,,,,,,,,,,,,0,,
0.0,,,,,,,,,,,,,,,0,,
0.0,,,,,,,,,,,,,,,0,,
0.0,,,,,,,,,,,,,,,0,,
0.0,,,,,,,,,,,,,,,0,,
0.0,,,,,,,,,,,,,,,0,,
0.0,,,,,,,,,,,,,,,0,,
0.0,,,,,,,,,,,,,,,0,,
0.0,,,,,,,,,,,,,,,0,,
0.0,,,,,,,,,,,,,,,0,,
0.0,,,,,,,,,,,,,,,0,,
0.0,,,,,,,,,,,,,,,0,,
0.0,,,,,,,,,,,,,,,0,,
0.0,,,,,,,,,,,,,,,0,,
0.0,,,,,,,,,,,,,,,0,,
0.0,,,,,,,,,,,,,,,0,,
0.0,,,,,,,,,,,,,,,0,,
0.0,,,,,,,,,,,,,,,0,,
0.0,,,,,,,,,,,,,,,0,,
0.0,,,,,,,,,,,,,,,0,,
0.0,,,,,,,,,,,,,,,0,,
0.0,,,,,,,,,,,,,,,0,,
0.0,,,,,,,,,,,,,,,0,,
0.0,,,,,,,,,,,,,,,0,,
0.0,,,,,,,,,,,,,,,0,,
0.0,,,,,,,,,,,,,,,0,,
0.0,,,,,,,,,,,,,,,0,,
0.0,,,,,,,,,,,,,,,0,,
0.0,,,,,,,,,,,,,,,0,,
0.0,,,,,,,,,,,,,,,0,,
0.0,,,,,,,,,,,,,,,0,,
0.0,,,,,,,,,,,,,,,0,,
0.0,,,,,,,,,,,,,,,0,,
0.0,,,,,,,,,,,,,,,0,,
0.0,,,,,,,,,,,,,,,0,,
0.0,,,,,,,,,,,,,,,0,,
0.0,,,,,,,,,,,,,,,0,,
0.0,,,,,,,,,,,,,,,0,,
0.0,,,,,,,,,,,,,,,0,,
0.0,,,,,,,,,,,,,,,0,,
0.0,,,,,,,,,,,,,,,0,,
0.0,,,,,,,,,,,,,,,0,,
0.0,,,,,,,,,,,,,,,0,,
0.0,,,,,,,,,,,,,,,0,,
0.0,,,,,,,,,,,,,,,0,,
0.0,,,,,,,,,,,,,,,0,,
0.0,,,,,,,,,,,,,,,0,,
0.0,,,,,,,,,,,,,,,0,,
0.0,,,,,,,,,,,,,,,0,,
0.0,,,,,,,,,,,,,,,0,,
0.0,,,,,,,,,,,,,,,0,,
0.0,,,,,,,,,,,,,,,0,,
0.0,,,,,,,,,,,,,,,0,,
0.0,,,,,,,,,,,,,,,0,,
0.0,,,,,,,,,,,,,,,0,,
0.0,,,,,,,,,,,,,,,0,,
0.0,,,,,,,,,,,,,,,0,,
0.0,,,,,,,,,,,,,,,0,,
0.0,,,,,,,,,,,,,,,0,,
0.0,,,,,,,,,,,,,,,0,,
0.0,,,,,,,,,,,,,,,0,,
0.0,,,,,,,,,,,,,,,0,,
0.0,,,,,,,,,,,,,,,0,,
0.0,,,,,,,,,,,,,,,0,,
0.0,,,,,,,,,,,,,,,0,,
0.0,,,,,,,,,,,,,,,0,,
0.0,,,,,,,,,,,,,,,0,,
0.0,,,,,,,,,,,,,,,0,,
0.0,,,,,,,,,,,,,,,0,,
0.0,,,,,,,,,,,,,,,0,,
0.0,,,,,,,,,,,,,,,0,,
0.0,,,,,,,,,,,,,,,0,,
0.0,,,,,,,,,,,,,,,0,,
0.0,,,,,,,,,,,,,,,0,,
0.0,,,,,,,,,,,,,,,0,,
0.0,,,,,,,,,,,,,,,0,,
0.0,,,,,,,,,,,,,,,0,,
0.0,,,,,,,,,,,,,,,0,,
0.0,,,,,,,,,,,,,,,0,,
0.0,,,,,,,,,,,,,,,0,,
0.0,,,,,,,,,,,,,,,0,,
0.0,,,,,,,,,,,,,,,0,,
0.0,,,,,,,,,,,,,,,0,,
0.0,,,,,,,,,,,,,,,0,,
0.0,,,,,,,,,,,,,,,0,,
0.0,,,,,,,,,,,,,,,0,,
0.0,,,,,,,,,,,,,,,0,,
0.0,,,,,,,,,,,,,,,0,,
0.0,,,,,,,,,,,,,,,0,,
0.0,,,,,,,,,,,,,,,0,,
0.0,,,,,,,,,,,,,,,0,,
0.0,,,,,,,,,,,,,,,0,,
0.0,,,,,,,,,,,,,,,0,,
0.0,,,,,,,,,,,,,,,0,,
0.0,,,,,,,,,,,,,,,0,,
0.0,,,,,,,,,,,,,,,0,,
0.0,,,,,,,,,,,,,,,0,,
0.0,,,,,,,,,,,,,,,0,,
0.0,,,,,,,,,,,,,,,0,,
0.0,,,,,,,,,,,,,,,0,,
0.0,,,,,,,,,,,,,,,0,,
0.0,,,,,,,,,,,,,,,0,,
0.0,,,,,,,,,,,,,,,0,,
0.0,,,,,,,,,,,,,,,0,,
0.0,,,,,,,,,,,,,,,0,,
0.0,,,,,,,,,,,,,,,0,,
0.0,,,,,,,,,,,,,,,0,,
0.0,,,,,,,,,,,,,,,0,,
0.0,,,,,,,,,,,,,,,0,,
0.0,,,,,,,,,,,,,,,0,,
0.0,,,,,,,,,,,,,,,0,,
0.0,,,,,,,,,,,,,,,0,,
0.0,,,,,,,,,,,,,,,0,,
0.0,,,,,,,,,,,,,,,0,,
0.0,,,,,,,,,,,,,,,0,,
0.0,,,,,,,,,,,,,,,0,,
0.0,,,,,,,,,,,,,,,0,,
0.0,,,,,,,,,,,,,,,0,,
0.0,,,,,,,,,,,,,,,0,,
0.0,,,,,,,,,,,,,,,0,,
0.0,,,,,,,,,,,,,,,0,,
0.0,,,,,,,,,,,,,,,0,,
0.0,,,,,,,,,,,,,,,0,,
0.0,,,,,,,,,,,,,,,0,,
0.0,,,,,,,,,,,,,,,0,,
0.0,,,,,,,,,,,,,,,0,,
0.0,,,,,,,,,,,,,,,0,,
0.0,,,,,,,,,,,,,,,0,,
0.0,,,,,,,,,,,,,,,0,,
0.0,,,,,,,,,,,,,,,0,,
0.0,,,,,,,,,,,,,,,0,,
0.0,,,,,,,,,,,,,,,0,,
0.0,,,,,,,,,,,,,,,0,,
0.0,,,,,,,,,,,,,,,0,,
0.0,,,,,,,,,,,,,,,0,,
0.0,,,,,,,,,,,,,,,0,,
0.0,,,,,,,,,,,,,,,0,,
0.0,,,,,,,,,,,,,,,0,,
0.0,,,,,,,,,,,,,,,0,,
0.0,,,,,,,,,,,,,,,0,,
0.0,,,,,,,,,,,,,,,0,,
0.0,,,,,,,,,,,,,,,0,,
0.0,,,,,,,,,,,,,,,0,,
0.0,,,,,,,,,,,,,,,0,,
0.0,,,,,,,,,,,,,,,0,,
0.0,,,,,,,,,,,,,,,0,,
0.0,,,,,,,,,,,,,,,0,,
0.0,,,,,,,,,,,,,,,0,,
0.0,,,,,,,,,,,,,,,0,,
0.0,,,,,,,,,,,,,,,0,,
0.0,,,,,,,,,,,,,,,0,,
0.0,,,,,,,,,,,,,,,0,,
0.0,,,,,,,,,,,,,,,0,,
0.0,,,,,,,,,,,,,,,0,,
0.0,,,,,,,,,,,,,,,0,,
0.0,,,,,,,,,,,,,,,0,,
0.0,,,,,,,,,,,,,,,0,,
0.0,,,,,,,,,,,,,,,0,,
0.0,,,,,,,,,,,,,,,0,,
0.0,,,,,,,,,,,,,,,0,,
0.0,,,,,,,,,,,,,,,0,,
0.0,,,,,,,,,,,,,,,0,,
0.0,,,,,,,,,,,,,,,0,,
0.0,,,,,,,,,,,,,,,0,,
0.0,,,,,,,,,,,,,,,0,,
0.0,,,,,,,,,,,,,,,0,,
0.0,,,,,,,,,,,,,,,0,,
0.0,,,,,,,,,,,,,,,0,,
0.0,,,,,,,,,,,,,,,0,,
0.0,,,,,,,,,,,,,,,0,,
0.0,,,,,,,,,,,,,,,0,,
0.0,,,,,,,,,,,,,,,0,,
0.0,,,,,,,,,,,,,,,0,,
0.0,,,,,,,,,,,,,,,0,,
0.0,,,,,,,,,,,,,,,0,,
0.0,,,,,,,,,,,,,,,0,,
0.0,,,,,,,,,,,,,,,0,,
0.0,,,,,,,,,,,,,,,0,,
0.0,,,,,,,,,,,,,,,0,,
0.0,,,,,,,,,,,,,,,0,,
0.0,,,,,,,,,,,,,,,0,,
0.0,,,,,,,,,,,,,,,0,,
0.0,,,,,,,,,,,,,,,0,,
0.0,,,,,,,,,,,,,,,0,,
0.0,,,,,,,,,,,,,,,0,,
0.0,,,,,,,,,,,,,,,0,,
0.0,,,,,,,,,,,,,,,0,,
0.0,,,,,,,,,,,,,,,0,,
0.0,,,,,,,,,,,,,,,0,,
0.0,,,,,,,,,,,,,,,0,,
0.0,,,,,,,,,,,,,,,0,,
0.0,,,,,,,,,,,,,,,0,,
0.0,,,,,,,,,,,,,,,0,,
0.0,,,,,,,,,,,,,,,0,,
0.0,,,,,,,,,,,,,,,0,,
0.0,,,,,,,,,,,,,,,0,,
0.0,,,,,,,,,,,,,,,0,,
0.0,,,,,,,,,,,,,,,0,,
0.0,,,,,,,,,,,,,,,0,,
0.0,,,,,,,,,,,,,,,0,,
0.0,,,,,,,,,,,,,,,0,,
0.0,,,,,,,,,,,,,,,0,,
0.0,,,,,,,,,,,,,,,0,,
0.0,,,,,,,,,,,,,,,0,,
0.0,,,,,,,,,,,,,,,0,,
0.0,,,,,,,,,,,,,,,0,,
0.0,,,,,,,,,,,,,,,0,,
0.0,,,,,,,,,,,,,,,0,,
0.0,,,,,,,,,,,,,,,0,,
0.0,,,,,,,,,,,,,,,0,,
0.0,,,,,,,,,,,,,,,0,,
0.0,,,,,,,,,,,,,,,0,,
0.0,,,,,,,,,,,,,,,0,,
0.0,,,,,,,,,,,,,,,0,,
0.0,,,,,,,,,,,,,,,0,,
0.0,,,,,,,,,,,,,,,0,,
0.0,,,,,,,,,,,,,,,0,,
0.0,,,,,,,,,,,,,,,0,,
0.0,,,,,,,,,,,,,,,0,,
0.0,,,,,,,,,,,,,,,0,,
0.0,,,,,,,,,,,,,,,0,,
0.0,,,,,,,,,,,,,,,0,,
0.0,,,,,,,,,,,,,,,0,,
0.0,,,,,,,,,,,,,,,0,,
0.0,,,,,,,,,,,,,,,0,,
0.0,,,,,,,,,,,,,,,0,,
0.0,,,,,,,,,,,,,,,0,,
0.0,,,,,,,,,,,,,,,0,,
0.0,,,,,,,,,,,,,,,0,,
0.0,,,,,,,,,,,,,,,0,,
0.0,,,,,,,,,,,,,,,0,,
0.0,,,,,,,,,,,,,,,0,,
0.0,,,,,,,,,,,,,,,0,,
0.0,,,,,,,,,,,,,,,0,,
0.0,,,,,,,,,,,,,,,0,,
0.0,,,,,,,,,,,,,,,0,,
0.0,,,,,,,,,,,,,,,0,,
0.0,,,,,,,,,,,,,,,0,,
0.0,,,,,,,,,,,,,,,0,,
0.0,,,,,,,,,,,,,,,0,,
0.0,,,,,,,,,,,,,,,0,,
0.0,,,,,,,,,,,,,,,0,,
0.0,,,,,,,,,,,,,,,0,,
0.0,,,,,,,,,,,,,,,0,,
0.0,,,,,,,,,,,,,,,0,,
0.0,,,,,,,,,,,,,,,0,,
0.0,,,,,,,,,,,,,,,0,,
0.0,,,,,,,,,,,,,,,0,,
0.0,,,,,,,,,,,,,,,0,,
0.0,,,,,,,,,,,,,,,0,,
0.0,,,,,,,,,,,,,,,0,,
0.0,,,,,,,,,,,,,,,0,,
0.0,,,,,,,,,,,,,,,0,,
0.0,,,,,,,,,,,,,,,0,,
0.0,,,,,,,,,,,,,,,0,,
0.0,,,,,,,,,,,,,,,0,,
0.0,,,,,,,,,,,,,,,0,,
0.0,,,,,,,,,,,,,,,0,,
0.0,,,,,,,,,,,,,,,0,,
0.0,,,,,,,,,,,,,,,0,,
0.0,,,,,,,,,,,,,,,0,,
0.0,,,,,,,,,,,,,,,0,,
0.0,,,,,,,,,,,,,,,0,,
0.0,,,,,,,,,,,,,,,0,,
0.0,,,,,,,,,,,,,,,0,,
0.0,,,,,,,,,,,,,,,0,,
0.0,,,,,,,,,,,,,,,0,,
0.0,,,,,,,,,,,,,,,0,,
0.0,,,,,,,,,,,,,,,0,,
0.0,,,,,,,,,,,,,,,0,,
0.0,,,,,,,,,,,,,,,0,,
0.0,,,,,,,,,,,,,,,0,,
0.0,,,,,,,,,,,,,,,0,,
0.0,,,,,,,,,,,,,,,0,,
0.0,,,,,,,,,,,,,,,0,,
0.0,,,,,,,,,,,,,,,0,,
0.0,,,,,,,,,,,,,,,0,,
0.0,,,,,,,,,,,,,,,0,,
0.0,,,,,,,,,,,,,,,0,,
0.0,,,,,,,,,,,,,,,0,,
0.0,,,,,,,,,,,,,,,0,,
0.0,,,,,,,,,,,,,,,0,,
0.0,,,,,,,,,,,,,,,0,,
0.0,,,,,,,,,,,,,,,0,,
0.0,,,,,,,,,,,,,,,0,,
0.0,,,,,,,,,,,,,,,0,,
0.0,,,,,,,,,,,,,,,0,,
0.0,,,,,,,,,,,,,,,0,,
0.0,,,,,,,,,,,,,,,0,,
0.0,,,,,,,,,,,,,,,0,,
0.0,,,,,,,,,,,,,,,0,,
0.0,,,,,,,,,,,,,,,0,,
0.0,,,,,,,,,,,,,,,0,,
0.0,,,,,,,,,,,,,,,0,,
0.0,,,,,,,,,,,,,,,0,,
0.0,,,,,,,,,,,,,,,0,,
0.0,,,,,,,,,,,,,,,0,,
0.0,,,,,,,,,,,,,,,0,,
0.0,,,,,,,,,,,,,,,0,,
0.0,,,,,,,,,,,,,,,0,,
0.0,,,,,,,,,,,,,,,0,,
0.0,,,,,,,,,,,,,,,0,,
0.0,,,,,,,,,,,,,,,0,,
0.0,,,,,,,,,,,,,,,0,,
0.0,,,,,,,,,,,,,,,0,,
0.0,,,,,,,,,,,,,,,0,,
0.0,,,,,,,,,,,,,,,0,,
0.0,,,,,,,,,,,,,,,0,,
0.0,,,,,,,,,,,,,,,0,,
0.0,,,,,,,,,,,,,,,0,,
0.0,,,,,,,,,,,,,,,0,,
0.0,,,,,,,,,,,,,,,0,,
0.0,,,,,,,,,,,,,,,0,,
0.0,,,,,,,,,,,,,,,0,,
0.0,,,,,,,,,,,,,,,0,,
0.0,,,,,,,,,,,,,,,0,,
0.0,,,,,,,,,,,,,,,0,,
0.0,,,,,,,,,,,,,,,0,,
0.0,,,,,,,,,,,,,,,0,,
0.0,,,,,,,,,,,,,,,0,,
0.0,,,,,,,,,,,,,,,0,,
0.0,,,,,,,,,,,,,,,0,,
0.0,,,,,,,,,,,,,,,0,,
0.0,,,,,,,,,,,,,,,0,,
0.0,,,,,,,,,,,,,,,0,,
0.0,,,,,,,,,,,,,,,0,,
0.0,,,,,,,,,,,,,,,0,,
0.0,,,,,,,,,,,,,,,0,,
0.0,,,,,,,,,,,,,,,0,,
0.0,,,,,,,,,,,,,,,0,,
0.0,,,,,,,,,,,,,,,0,,
0.0,,,,,,,,,,,,,,,0,,
0.0,,,,,,,,,,,,,,,0,,
0.0,,,,,,,,,,,,,,,0,,
0.0,,,,,,,,,,,,,,,0,,
0.0,,,,,,,,,,,,,,,0,,
0.0,,,,,,,,,,,,,,,0,,
0.0,,,,,,,,,,,,,,,0,,
0.0,,,,,,,,,,,,,,,0,,
0.0,,,,,,,,,,,,,,,0,,
0.0,,,,,,,,,,,,,,,0,,
0.0,,,,,,,,,,,,,,,0,,
0.0,,,,,,,,,,,,,,,0,,
0.0,,,,,,,,,,,,,,,0,,
0.0,,,,,,,,,,,,,,,0,,
0.0,,,,,,,,,,,,,,,0,,
0.0,,,,,,,,,,,,,,,0,,
0.0,,,,,,,,,,,,,,,0,,
0.0,,,,,,,,,,,,,,,0,,
0.0,,,,,,,,,,,,,,,0,,
0.0,,,,,,,,,,,,,,,0,,
0.0,,,,,,,,,,,,,,,0,,
0.0,,,,,,,,,,,,,,,0,,
0.0,,,,,,,,,,,,,,,0,,
0.0,,,,,,,,,,,,,,,0,,
0.0,,,,,,,,,,,,,,,0,,
0.0,,,,,,,,,,,,,,,0,,
0.0,,,,,,,,,,,,,,,0,,
0.0,,,,,,,,,,,,,,,0,,
0.0,,,,,,,,,,,,,,,0,,
0.0,,,,,,,,,,,,,,,0,,
0.0,,,,,,,,,,,,,,,0,,
0.0,,,,,,,,,,,,,,,0,,
0.0,,,,,,,,,,,,,,,0,,
0.0,,,,,,,,,,,,,,,0,,
0.0,,,,,,,,,,,,,,,0,,
0.0,,,,,,,,,,,,,,,0,,
0.0,,,,,,,,,,,,,,,0,,
0.0,,,,,,,,,,,,,,,0,,
0.0,,,,,,,,,,,,,,,0,,
0.0,,,,,,,,,,,,,,,0,,
0.0,,,,,,,,,,,,,,,0,,
0.0,,,,,,,,,,,,,,,0,,
0.0,,,,,,,,,,,,,,,0,,
0.0,,,,,,,,,,,,,,,0,,
0.0,,,,,,,,,,,,,,,0,,
0.0,,,,,,,,,,,,,,,0,,
0.0,,,,,,,,,,,,,,,0,,
0.0,,,,,,,,,,,,,,,0,,
0.0,,,,,,,,,,,,,,,0,,
0.0,,,,,,,,,,,,,,,0,,
0.0,,,,,,,,,,,,,,,0,,
0.0,,,,,,,,,,,,,,,0,,
0.0,,,,,,,,,,,,,,,0,,
0.0,,,,,,,,,,,,,,,0,,
0.0,,,,,,,,,,,,,,,0,,
0.0,,,,,,,,,,,,,,,0,,
0.0,,,,,,,,,,,,,,,0,,
0.0,,,,,,,,,,,,,,,0,,
0.0,,,,,,,,,,,,,,,0,,
0.0,,,,,,,,,,,,,,,0,,
0.0,,,,,,,,,,,,,,,0,,
0.0,,,,,,,,,,,,,,,0,,
0.0,,,,,,,,,,,,,,,0,,
0.0,,,,,,,,,,,,,,,0,,
0.0,,,,,,,,,,,,,,,0,,
0.0,,,,,,,,,,,,,,,0,,
0.0,,,,,,,,,,,,,,,0,,
0.0,,,,,,,,,,,,,,,0,,
0.0,,,,,,,,,,,,,,,0,,
0.0,,,,,,,,,,,,,,,0,,
0.0,,,,,,,,,,,,,,,0,,
0.0,,,,,,,,,,,,,,,0,,
0.0,,,,,,,,,,,,,,,0,,
0.0,,,,,,,,,,,,,,,0,,
0.0,,,,,,,,,,,,,,,0,,
0.0,,,,,,,,,,,,,,,0,,
0.0,,,,,,,,,,,,,,,0,,
0.0,,,,,,,,,,,,,,,0,,
0.0,,,,,,,,,,,,,,,0,,
0.0,,,,,,,,,,,,,,,0,,
0.0,,,,,,,,,,,,,,,0,,
0.0,,,,,,,,,,,,,,,0,,
0.0,,,,,,,,,,,,,,,0,,
0.0,,,,,,,,,,,,,,,0,,
0.0,,,,,,,,,,,,,,,0,,
0.0,,,,,,,,,,,,,,,0,,
0.0,,,,,,,,,,,,,,,0,,
0.0,,,,,,,,,,,,,,,0,,
0.0,,,,,,,,,,,,,,,0,,
0.0,,,,,,,,,,,,,,,0,,
0.0,,,,,,,,,,,,,,,0,,
0.0,,,,,,,,,,,,,,,0,,
0.0,,,,,,,,,,,,,,,0,,
0.0,,,,,,,,,,,,,,,0,,
0.0,,,,,,,,,,,,,,,0,,
0.0,,,,,,,,,,,,,,,0,,
0.0,,,,,,,,,,,,,,,0,,
0.0,,,,,,,,,,,,,,,0,,
0.0,,,,,,,,,,,,,,,0,,
0.0,,,,,,,,,,,,,,,0,,
0.0,,,,,,,,,,,,,,,0,,
0.0,,,,,,,,,,,,,,,0,,
0.0,,,,,,,,,,,,,,,0,,
0.0,,,,,,,,,,,,,,,0,,
0.0,,,,,,,,,,,,,,,0,,
0.0,,,,,,,,,,,,,,,0,,
0.0,,,,,,,,,,,,,,,0,,
0.0,,,,,,,,,,,,,,,0,,
0.0,,,,,,,,,,,,,,,0,,
0.0,,,,,,,,,,,,,,,0,,
0.0,,,,,,,,,,,,,,,0,,
0.0,,,,,,,,,,,,,,,0,,
0.0,,,,,,,,,,,,,,,0,,
0.0,,,,,,,,,,,,,,,0,,
0.0,,,,,,,,,,,,,,,0,,
0.0,,,,,,,,,,,,,,,0,,
0.0,,,,,,,,,,,,,,,0,,
0.0,,,,,,,,,,,,,,,0,,
0.0,,,,,,,,,,,,,,,0,,
0.0,,,,,,,,,,,,,,,0,,
0.0,,,,,,,,,,,,,,,0,,
0.0,,,,,,,,,,,,,,,0,,
0.0,,,,,,,,,,,,,,,0,,
0.0,,,,,,,,,,,,,,,0,,
0.0,,,,,,,,,,,,,,,0,,
0.0,,,,,,,,,,,,,,,0,,
0.0,,,,,,,,,,,,,,,0,,
0.0,,,,,,,,,,,,,,,0,,
0.0,,,,,,,,,,,,,,,0,,
0.0,,,,,,,,,,,,,,,0,,
0.0,,,,,,,,,,,,,,,0,,
0.0,,,,,,,,,,,,,,,0,,
0.0,,,,,,,,,,,,,,,0,,
0.0,,,,,,,,,,,,,,,0,,
0.0,,,,,,,,,,,,,,,0,,
0.0,,,,,,,,,,,,,,,0,,
0.0,,,,,,,,,,,,,,,0,,
0.0,,,,,,,,,,,,,,,0,,
0.0,,,,,,,,,,,,,,,0,,
0.0,,,,,,,,,,,,,,,0,,
0.0,,,,,,,,,,,,,,,0,,
0.0,,,,,,,,,,,,,,,0,,
0.0,,,,,,,,,,,,,,,0,,
0.0,,,,,,,,,,,,,,,0,,
0.0,,,,,,,,,,,,,,,0,,
0.0,,,,,,,,,,,,,,,0,,
0.0,,,,,,,,,,,,,,,0,,
0.0,,,,,,,,,,,,,,,0,,
0.0,,,,,,,,,,,,,,,0,,
0.0,,,,,,,,,,,,,,,0,,
0.0,,,,,,,,,,,,,,,0,,
0.0,,,,,,,,,,,,,,,0,,
0.0,,,,,,,,,,,,,,,0,,
0.0,,,,,,,,,,,,,,,0,,
0.0,,,,,,,,,,,,,,,0,,
0.0,,,,,,,,,,,,,,,0,,
0.0,,,,,,,,,,,,,,,0,,
0.0,,,,,,,,,,,,,,,0,,
0.0,,,,,,,,,,,,,,,0,,
0.0,,,,,,,,,,,,,,,0,,
0.0,,,,,,,,,,,,,,,0,,
0.0,,,,,,,,,,,,,,,0,,
0.0,,,,,,,,,,,,,,,0,,
0.0,,,,,,,,,,,,,,,0,,
0.0,,,,,,,,,,,,,,,0,,
0.0,,,,,,,,,,,,,,,0,,
0.0,,,,,,,,,,,,,,,0,,
0.0,,,,,,,,,,,,,,,0,,
0.0,,,,,,,,,,,,,,,0,,
0.0,,,,,,,,,,,,,,,0,,
0.0,,,,,,,,,,,,,,,0,,
0.0,,,,,,,,,,,,,,,0,,
0.0,,,,,,,,,,,,,,,0,,
0.0,,,,,,,,,,,,,,,0,,
0.0,,,,,,,,,,,,,,,0,,
0.0,,,,,,,,,,,,,,,0,,
0.0,,,,,,,,,,,,,,,0,,
0.0,,,,,,,,,,,,,,,0,,
0.0,,,,,,,,,,,,,,,0,,
0.0,,,,,,,,,,,,,,,0,,
0.0,,,,,,,,,,,,,,,0,,
0.0,,,,,,,,,,,,,,,0,,
0.0,,,,,,,,,,,,,,,0,,
0.0,,,,,,,,,,,,,,,0,,
0.0,,,,,,,,,,,,,,,0,,
0.0,,,,,,,,,,,,,,,0,,
0.0,,,,,,,,,,,,,,,0,,
0.0,,,,,,,,,,,,,,,0,,
0.0,,,,,,,,,,,,,,,0,,
0.0,,,,,,,,,,,,,,,0,,
0.0,,,,,,,,,,,,,,,0,,
0.0,,,,,,,,,,,,,,,0,,
0.0,,,,,,,,,,,,,,,0,,
0.0,,,,,,,,,,,,,,,0,,
0.0,,,,,,,,,,,,,,,0,,
0.0,,,,,,,,,,,,,,,0,,
0.0,,,,,,,,,,,,,,,0,,
0.0,,,,,,,,,,,,,,,0,,
0.0,,,,,,,,,,,,,,,0,,
0.0,,,,,,,,,,,,,,,0,,
0.0,,,,,,,,,,,,,,,0,,
0.0,,,,,,,,,,,,,,,0,,
0.0,,,,,,,,,,,,,,,0,,
0.0,,,,,,,,,,,,,,,0,,
0.0,,,,,,,,,,,,,,,0,,
0.0,,,,,,,,,,,,,,,0,,
0.0,,,,,,,,,,,,,,,0,,
0.0,,,,,,,,,,,,,,,0,,
0.0,,,,,,,,,,,,,,,0,,
0.0,,,,,,,,,,,,,,,0,,
0.0,,,,,,,,,,,,,,,0,,
0.0,,,,,,,,,,,,,,,0,,
0.0,,,,,,,,,,,,,,,0,,
0.0,,,,,,,,,,,,,,,0,,
0.0,,,,,,,,,,,,,,,0,,
0.0,,,,,,,,,,,,,,,0,,
0.0,,,,,,,,,,,,,,,0,,
0.0,,,,,,,,,,,,,,,0,,
0.0,,,,,,,,,,,,,,,0,,
0.0,,,,,,,,,,,,,,,0,,
0.0,,,,,,,,,,,,,,,0,,
0.0,,,,,,,,,,,,,,,0,,
0.0,,,,,,,,,,,,,,,0,,
0.0,,,,,,,,,,,,,,,0,,
0.0,,,,,,,,,,,,,,,0,,
0.0,,,,,,,,,,,,,,,0,,
0.0,,,,,,,,,,,,,,,0,,
0.0,,,,,,,,,,,,,,,0,,
0.0,,,,,,,,,,,,,,,0,,
0.0,,,,,,,,,,,,,,,0,,
0.0,,,,,,,,,,,,,,,0,,
0.0,,,,,,,,,,,,,,,0,,
0.0,,,,,,,,,,,,,,,0,,
0.0,,,,,,,,,,,,,,,0,,
0.0,,,,,,,,,,,,,,,0,,
0.0,,,,,,,,,,,,,,,0,,
0.0,,,,,,,,,,,,,,,0,,
0.0,,,,,,,,,,,,,,,0,,
0.0,,,,,,,,,,,,,,,0,,
0.0,,,,,,,,,,,,,,,0,,
0.0,,,,,,,,,,,,,,,0,,
0.0,,,,,,,,,,,,,,,0,,
0.0,,,,,,,,,,,,,,,0,,
0.0,,,,,,,,,,,,,,,0,,
0.0,,,,,,,,,,,,,,,0,,
0.0,,,,,,,,,,,,,,,0,,
0.0,,,,,,,,,,,,,,,0,,
0.0,,,,,,,,,,,,,,,0,,
0.0,,,,,,,,,,,,,,,0,,
0.0,,,,,,,,,,,,,,,0,,
0.0,,,,,,,,,,,,,,,0,,
0.0,,,,,,,,,,,,,,,0,,
0.0,,,,,,,,,,,,,,,0,,
0.0,,,,,,,,,,,,,,,0,,
0.0,,,,,,,,,,,,,,,0,,
0.0,,,,,,,,,,,,,,,0,,
0.0,,,,,,,,,,,,,,,0,,
0.0,,,,,,,,,,,,,,,0,,
0.0,,,,,,,,,,,,,,,0,,
0.0,,,,,,,,,,,,,,,0,,
0.0,,,,,,,,,,,,,,,0,,
0.0,,,,,,,,,,,,,,,0,,
0.0,,,,,,,,,,,,,,,0,,
0.0,,,,,,,,,,,,,,,0,,
0.0,,,,,,,,,,,,,,,0,,
0.0,,,,,,,,,,,,,,,0,,
0.0,,,,,,,,,,,,,,,0,,
0.0,,,,,,,,,,,,,,,0,,
0.0,,,,,,,,,,,,,,,0,,
0.0,,,,,,,,,,,,,,,0,,
0.0,,,,,,,,,,,,,,,0,,
0.0,,,,,,,,,,,,,,,0,,
0.0,,,,,,,,,,,,,,,0,,
0.0,,,,,,,,,,,,,,,0,,
0.0,,,,,,,,,,,,,,,0,,
0.0,,,,,,,,,,,,,,,0,,
0.0,,,,,,,,,,,,,,,0,,
0.0,,,,,,,,,,,,,,,0,,
0.0,,,,,,,,,,,,,,,0,,
0.0,,,,,,,,,,,,,,,0,,
0.0,,,,,,,,,,,,,,,0,,
0.0,,,,,,,,,,,,,,,0,,
0.0,,,,,,,,,,,,,,,0,,
0.0,,,,,,,,,,,,,,,0,,
0.0,,,,,,,,,,,,,,,0,,
0.0,,,,,,,,,,,,,,,0,,
0.0,,,,,,,,,,,,,,,0,,
0.0,,,,,,,,,,,,,,,0,,
0.0,,,,,,,,,,,,,,,0,,
0.0,,,,,,,,,,,,,,,0,,
0.0,,,,,,,,,,,,,,,0,,
0.0,,,,,,,,,,,,,,,0,,
0.0,,,,,,,,,,,,,,,0,,
0.0,,,,,,,,,,,,,,,0,,
0.0,,,,,,,,,,,,,,,0,,
0.0,,,,,,,,,,,,,,,0,,
0.0,,,,,,,,,,,,,,,0,,
0.0,,,,,,,,,,,,,,,0,,
0.0,,,,,,,,,,,,,,,0,,
0.0,,,,,,,,,,,,,,,0,,
0.0,,,,,,,,,,,,,,,0,,
0.0,,,,,,,,,,,,,,,0,,
0.0,,,,,,,,,,,,,,,0,,
0.0,,,,,,,,,,,,,,,0,,
0.0,,,,,,,,,,,,,,,0,,
0.0,,,,,,,,,,,,,,,0,,
0.0,,,,,,,,,,,,,,,0,,
0.0,,,,,,,,,,,,,,,0,,
0.0,,,,,,,,,,,,,,,0,,
0.0,,,,,,,,,,,,,,,0,,
0.0,,,,,,,,,,,,,,,0,,
0.0,,,,,,,,,,,,,,,0,,
0.0,,,,,,,,,,,,,,,0,,
0.0,,,,,,,,,,,,,,,0,,
0.0,,,,,,,,,,,,,,,0,,
0.0,,,,,,,,,,,,,,,0,,
0.0,,,,,,,,,,,,,,,0,,
0.0,,,,,,,,,,,,,,,0,,
0.0,,,,,,,,,,,,,,,0,,
0.0,,,,,,,,,,,,,,,0,,
0.0,,,,,,,,,,,,,,,0,,
0.0,,,,,,,,,,,,,,,0,,
0.0,,,,,,,,,,,,,,,0,,
0.0,,,,,,,,,,,,,,,0,,
0.0,,,,,,,,,,,,,,,0,,
0.0,,,,,,,,,,,,,,,0,,
0.0,,,,,,,,,,,,,,,0,,
0.0,,,,,,,,,,,,,,,0,,
0.0,,,,,,,,,,,,,,,0,,
0.0,,,,,,,,,,,,,,,0,,
0.0,,,,,,,,,,,,,,,0,,
0.0,,,,,,,,,,,,,,,0,,
0.0,,,,,,,,,,,,,,,0,,
0.0,,,,,,,,,,,,,,,0,,
0.0,,,,,,,,,,,,,,,0,,
0.0,,,,,,,,,,,,,,,0,,
0.0,,,,,,,,,,,,,,,0,,
0.0,,,,,,,,,,,,,,,0,,
0.0,,,,,,,,,,,,,,,0,,
0.0,,,,,,,,,,,,,,,0,,
0.0,,,,,,,,,,,,,,,0,,
0.0,,,,,,,,,,,,,,,0,,
0.0,,,,,,,,,,,,,,,0,,
0.0,,,,,,,,,,,,,,,0,,
0.0,,,,,,,,,,,,,,,0,,
0.0,,,,,,,,,,,,,,,0,,
0.0,,,,,,,,,,,,,,,0,,
0.0,,,,,,,,,,,,,,,0,,
0.0,,,,,,,,,,,,,,,0,,
0.0,,,,,,,,,,,,,,,0,,
0.0,,,,,,,,,,,,,,,0,,
0.0,,,,,,,,,,,,,,,0,,
0.0,,,,,,,,,,,,,,,0,,
0.0,,,,,,,,,,,,,,,0,,
0.0,,,,,,,,,,,,,,,0,,
0.0,,,,,,,,,,,,,,,0,,
0.0,,,,,,,,,,,,,,,0,,
0.0,,,,,,,,,,,,,,,0,,
0.0,,,,,,,,,,,,,,,0,,
0.0,,,,,,,,,,,,,,,0,,
0.0,,,,,,,,,,,,,,,0,,
0.0,,,,,,,,,,,,,,,0,,
0.0,,,,,,,,,,,,,,,0,,
0.0,,,,,,,,,,,,,,,0,,
0.0,,,,,,,,,,,,,,,0,,
0.0,,,,,,,,,,,,,,,0,,
0.0,,,,,,,,,,,,,,,0,,
0.0,,,,,,,,,,,,,,,0,,
0.0,,,,,,,,,,,,,,,0,,
0.0,,,,,,,,,,,,,,,0,,
0.0,,,,,,,,,,,,,,,0,,
0.0,,,,,,,,,,,,,,,0,,
0.0,,,,,,,,,,,,,,,0,,
0.0,,,,,,,,,,,,,,,0,,
0.0,,,,,,,,,,,,,,,0,,
0.0,,,,,,,,,,,,,,,0,,
0.0,,,,,,,,,,,,,,,0,,
0.0,,,,,,,,,,,,,,,0,,
0.0,,,,,,,,,,,,,,,0,,
0.0,,,,,,,,,,,,,,,0,,
0.0,,,,,,,,,,,,,,,0,,
0.0,,,,,,,,,,,,,,,0,,
0.0,,,,,,,,,,,,,,,0,,
0.0,,,,,,,,,,,,,,,0,,
0.0,,,,,,,,,,,,,,,0,,
0.0,,,,,,,,,,,,,,,0,,
0.0,,,,,,,,,,,,,,,0,,
0.0,,,,,,,,,,,,,,,0,,
0.0,,,,,,,,,,,,,,,0,,
0.0,,,,,,,,,,,,,,,0,,
0.0,,,,,,,,,,,,,,,0,,
0.0,,,,,,,,,,,,,,,0,,
0.0,,,,,,,,,,,,,,,0,,
0.0,,,,,,,,,,,,,,,0,,
0.0,,,,,,,,,,,,,,,0,,
0.0,,,,,,,,,,,,,,,0,,
0.0,,,,,,,,,,,,,,,0,,
0.0,,,,,,,,,,,,,,,0,,
0.0,,,,,,,,,,,,,,,0,,
0.0,,,,,,,,,,,,,,,0,,
0.0,,,,,,,,,,,,,,,0,,
0.0,,,,,,,,,,,,,,,0,,
0.0,,,,,,,,,,,,,,,0,,
0.0,,,,,,,,,,,,,,,0,,
0.0,,,,,,,,,,,,,,,0,,
0.0,,,,,,,,,,,,,,,0,,
0.0,,,,,,,,,,,,,,,0,,
0.0,,,,,,,,,,,,,,,0,,
0.0,,,,,,,,,,,,,,,0,,
0.0,,,,,,,,,,,,,,,0,,
0.0,,,,,,,,,,,,,,,0,,
0.0,,,,,,,,,,,,,,,0,,
0.0,,,,,,,,,,,,,,,0,,
0.0,,,,,,,,,,,,,,,0,,
0.0,,,,,,,,,,,,,,,0,,
0.0,,,,,,,,,,,,,,,0,,
0.0,,,,,,,,,,,,,,,0,,
0.0,,,,,,,,,,,,,,,0,,
0.0,,,,,,,,,,,,,,,0,,
0.0,,,,,,,,,,,,,,,0,,
0.0,,,,,,,,,,,,,,,0,,
0.0,,,,,,,,,,,,,,,0,,
0.0,,,,,,,,,,,,,,,0,,
0.0,,,,,,,,,,,,,,,0,,
0.0,,,,,,,,,,,,,,,0,,
0.0,,,,,,,,,,,,,,,0,,
0.0,,,,,,,,,,,,,,,0,,
0.0,,,,,,,,,,,,,,,0,,
0.0,,,,,,,,,,,,,,,0,,
0.0,,,,,,,,,,,,,,,0,,
0.0,,,,,,,,,,,,,,,0,,
0.0,,,,,,,,,,,,,,,0,,
0.0,,,,,,,,,,,,,,,0,,
0.0,,,,,,,,,,,,,,,0,,
0.0,,,,,,,,,,,,,,,0,,
0.0,,,,,,,,,,,,,,,0,,
0.0,,,,,,,,,,,,,,,0,,
0.0,,,,,,,,,,,,,,,0,,
0.0,,,,,,,,,,,,,,,0,,
0.0,,,,,,,,,,,,,,,0,,
0.0,,,,,,,,,,,,,,,0,,
0.0,,,,,,,,,,,,,,,0,,
0.0,,,,,,,,,,,,,,,0,,
0.0,,,,,,,,,,,,,,,0,,
0.0,,,,,,,,,,,,,,,0,,
0.0,,,,,,,,,,,,,,,0,,
0.0,,,,,,,,,,,,,,,0,,
0.0,,,,,,,,,,,,,,,0,,
0.0,,,,,,,,,,,,,,,0,,
0.0,,,,,,,,,,,,,,,0,,
0.0,,,,,,,,,,,,,,,0,,
0.0,,,,,,,,,,,,,,,0,,
0.0,,,,,,,,,,,,,,,0,,